"term","estimate","se","n_visn","estimator","K","OR","CI_low","CI_high"
"(Intercept)",-0.810318216357354,0.0396897703776938,8,"meta_analysis (d)",8,0.44471652763071,0.411433145739552,0.480692408951202
"consult31",0.505716072955196,0.0694026659791306,8,"meta_analysis (d)",8,1.65817246789897,1.44728494170861,1.89978894553559
"consult32",0.54841060483227,0.179846296612299,8,"meta_analysis (d)",8,1.73050038198889,1.21642756867815,2.46182481322572
"psych1",0.603380163659302,0.0444969399286169,8,"meta_analysis (d)",8,1.82828828119581,1.6755940581423,1.99489728607885
"oud1",-0.444501003282138,0.0640083666868795,8,"meta_analysis (d)",8,0.64114412503795,0.565550833229439,0.726841452471015
"icu_any1",-0.16938543282358,0.0798711681180384,8,"meta_analysis (d)",8,0.844183464656277,0.721855682547007,0.987241271668826
"can_high1",-0.317155723681644,0.0492790737469894,8,"meta_analysis (d)",8,0.728217345609562,0.661172216707179,0.802061080375821
"frail1",-0.423126202638671,0.0855264505222043,8,"meta_analysis (d)",8,0.654995965676305,0.553908944757026,0.774531119443154
"ama1",0.318309569430897,0.256590247981779,8,"meta_analysis (d)",8,1.37480179196684,0.831438392249668,2.2732652049915
"age651",-0.151662286722106,0.0601810673450826,8,"meta_analysis (d)",8,0.859278421478517,0.763673443419067,0.966852274334538
"female1",0.0418039899279267,0.0882346704207629,8,"meta_analysis (d)",8,1.04269008096149,0.877101299635355,1.23954052443824
"auditc_low1",-0.107524065096011,0.049991135770178,8,"meta_analysis (d)",8,0.898054910413114,0.814236112330674,0.990502152758329
