"variant","inference","K","p","term","estimate","se","df","OR","CI_low","CI_high","p_value","significant","role"
"site","z",18,12,"(Intercept)",-0.819480953225197,0.0984338232907349,Inf,0.440660318474306,0.363343103749256,0.534430168824346,8.41887377605535e-17,TRUE,"naive (pooled GEE)"
"site","z",18,12,"consult31",0.385216713174174,0.109870156428732,Inf,1.46993284073797,1.18515689136313,1.82313630543449,0.000454709451293085,TRUE,"naive (pooled GEE)"
"site","z",18,12,"consult32",0.631310086259888,0.163680108916009,Inf,1.88007202308547,1.36411104554707,2.59118993539938,0.000114798903628164,TRUE,"naive (pooled GEE)"
"site","z",18,12,"psych1",0.548352293716987,0.097472302749437,Inf,1.73039947752358,1.42947906949668,2.09466680254938,1.84731284377845e-08,TRUE,"naive (pooled GEE)"
"site","z",18,12,"oud1",-0.504753104139884,0.0589651963365196,Inf,0.603654596850799,0.537770835814285,0.677609955823159,1.12684645566582e-17,TRUE,"naive (pooled GEE)"
"site","z",18,12,"icu_any1",-0.128109914732392,0.0776845978200245,Inf,0.8797566756106,0.755504962636076,1.0244430500905,0.0991265050572702,FALSE,"naive (pooled GEE)"
"site","z",18,12,"can_high1",-0.334654380626229,0.0466818424870075,Inf,0.715585363783473,0.653018962789979,0.784146314332702,7.56391920725097e-13,TRUE,"naive (pooled GEE)"
"site","z",18,12,"frail1",-0.374853217779933,0.0616084101467131,Inf,0.687390168041334,0.609203152708848,0.775611946554904,1.16892741031721e-09,TRUE,"naive (pooled GEE)"
"site","z",18,12,"ama1",0.122959078909233,0.270987107746487,Inf,1.13083814487029,0.664868572931174,1.92337999111001,0.65001228450176,FALSE,"naive (pooled GEE)"
"site","z",18,12,"age651",-0.125756852036168,0.0540453856929248,Inf,0.881829235701354,0.793196843714056,0.980365475606914,0.0199719238767066,TRUE,"naive (pooled GEE)"
"site","z",18,12,"female1",0.195796726722983,0.0748613757174292,Inf,1.21627964305545,1.05029505187727,1.40849580074376,0.00891080792260898,TRUE,"naive (pooled GEE)"
"site","z",18,12,"auditc_low1",-0.121705598250761,0.0261797358565238,Inf,0.885408996093377,0.841123368067122,0.932026287849517,3.33794965768583e-06,TRUE,"naive (pooled GEE)"
"site","t_k1",18,12,"(Intercept)",-0.819480953225197,0.0984338232907349,17,0.440660318474306,0.358022957697929,0.542371689029259,2.11278458516388e-07,TRUE,""
"site","t_k1",18,12,"consult31",0.385216713174174,0.109870156428732,17,1.46993284073797,1.16580396252892,1.85340127991408,0.0027079409657096,TRUE,""
"site","t_k1",18,12,"consult32",0.631310086259888,0.163680108916009,17,1.88007202308547,1.33105950138826,2.6555317837423,0.00126439361398642,TRUE,""
"site","t_k1",18,12,"psych1",0.548352293716987,0.097472302749437,17,1.73039947752358,1.40875130252675,2.12548683819727,3.02558982594013e-05,TRUE,""
"site","t_k1",18,12,"oud1",-0.504753104139884,0.0589651963365196,17,0.603654596850799,0.5330400089589,0.683623867204306,1.43512527638125e-07,TRUE,""
"site","t_k1",18,12,"icu_any1",-0.128109914732392,0.0776845978200245,17,0.8797566756106,0.746761001586708,1.03643844099637,0.11748118501058,FALSE,""
"site","t_k1",18,12,"can_high1",-0.334654380626229,0.0466818424870075,17,0.715585363783473,0.648466808102208,0.789650921933412,1.57166556221369e-06,TRUE,""
"site","t_k1",18,12,"frail1",-0.374853217779933,0.0616084101467131,17,0.687390168041334,0.603604799155417,0.782805643329938,1.21471556964574e-05,TRUE,""
"site","t_k1",18,12,"ama1",0.122959078909233,0.270987107746487,17,1.13083814487029,0.63841052758385,2.00309182671761,0.65575125320155,FALSE,""
"site","t_k1",18,12,"age651",-0.125756852036168,0.0540453856929248,17,0.881829235701354,0.786798854251755,0.988337485159599,0.0325875906977092,TRUE,""
"site","t_k1",18,12,"female1",0.195796726722983,0.0748613757174292,17,1.21627964305545,1.03857858182553,1.42438540135386,0.0180918782281477,TRUE,""
"site","t_k1",18,12,"auditc_low1",-0.121705598250761,0.0261797358565238,17,0.885408996093377,0.837830042106931,0.935689878572089,0.000229873194262869,TRUE,""
"site","t_kp",18,12,"(Intercept)",-0.819480953225197,0.0984338232907349,6,0.440660318474306,0.346338090102713,0.56067040220811,0.000162999926440301,TRUE,""
"site","t_kp",18,12,"consult31",0.385216713174174,0.109870156428732,6,1.46993284073797,1.12341609192756,1.92333238931328,0.0127314515375772,TRUE,""
"site","t_kp",18,12,"consult32",0.631310086259888,0.163680108916009,6,1.88007202308547,1.25960639590211,2.80617089869348,0.00839171329231518,TRUE,""
"site","t_kp",18,12,"psych1",0.548352293716987,0.097472302749437,6,1.73039947752358,1.36321538225576,2.19648515618943,0.00134861663872639,TRUE,""
"site","t_kp",18,12,"oud1",-0.504753104139884,0.0589651963365196,6,0.603654596850799,0.52254940642577,0.69734816998757,0.000139506340621715,TRUE,""
"site","t_kp",18,12,"icu_any1",-0.128109914732392,0.0776845978200245,6,0.8797566756106,0.727459262702444,1.06393835086542,0.150221210769822,FALSE,""
"site","t_kp",18,12,"can_high1",-0.334654380626229,0.0466818424870075,6,0.715585363783473,0.638342226524124,0.802175371742816,0.000372009160630959,TRUE,""
"site","t_kp",18,12,"frail1",-0.374853217779933,0.0616084101467131,6,0.687390168041334,0.591198428976779,0.799232913960353,0.000896218443773341,TRUE,""
"site","t_kp",18,12,"ama1",0.122959078909233,0.270987107746487,6,1.13083814487029,0.582676877926327,2.19468964418968,0.665961920153052,FALSE,""
"site","t_kp",18,12,"age651",-0.125756852036168,0.0540453856929248,6,0.881829235701354,0.772594346104583,1.00650853175202,0.0588920759090145,FALSE,""
"site","t_kp",18,12,"female1",0.195796726722983,0.0748613757174292,6,1.21627964305545,1.01269747628475,1.46078785101576,0.039827958302751,TRUE,""
"site","t_kp",18,12,"auditc_low1",-0.121705598250761,0.0261797358565238,6,0.885408996093377,0.830468645687967,0.943983971500396,0.00350792000728417,TRUE,""
"site","t_bm",18,12,"(Intercept)",-0.819480953225197,0.0984338232907349,15.3813256290449,0.440660318474306,0.357422915772236,0.543282223128683,4.38497535424544e-07,TRUE,""
"site","t_bm",18,12,"consult31",0.385216713174174,0.109870156428732,10.7115891290138,1.46993284073797,1.1532653535029,1.87355195377815,0.00511407680886094,TRUE,""
"site","t_bm",18,12,"consult32",0.631310086259888,0.163680108916009,8.37733971682017,1.88007202308547,1.29278913962209,2.73414333680274,0.00442473365714744,TRUE,""
"site","t_bm",18,12,"psych1",0.548352293716987,0.097472302749437,14.8528998584723,1.73039947752358,1.40553167140137,2.13035566023814,5.01051884386647e-05,TRUE,""
"site","t_bm",18,12,"oud1",-0.504753104139884,0.0589651963365196,13.0165007224852,0.603654596850799,0.531462173731753,0.685653448749535,1.04818213072485e-06,TRUE,""
"site","t_bm",18,12,"icu_any1",-0.128109914732392,0.0776845978200245,14.8390421026638,0.8797566756106,0.745390316778766,1.03834432894992,0.120129564145714,FALSE,""
"site","t_bm",18,12,"can_high1",-0.334654380626229,0.0466818424870075,14.985984048283,0.715585363783473,0.647806992294909,0.790455211122534,3.25243263016878e-06,TRUE,""
"site","t_bm",18,12,"frail1",-0.374853217779933,0.0616084101467131,13.3279497231582,0.687390168041334,0.601927696050485,0.784986712225091,3.48230467239649e-05,TRUE,""
"site","t_bm",18,12,"ama1",0.122959078909233,0.270987107746487,6.11992115055003,1.13083814487029,0.584507542273566,2.18781592606922,0.665659169298662,FALSE,""
"site","t_bm",18,12,"age651",-0.125756852036168,0.0540453856929248,14.3292793695492,0.881829235701354,0.785509068811034,0.989960309579447,0.0351105496411906,TRUE,""
"site","t_bm",18,12,"female1",0.195796726722983,0.0748613757174292,14.8767119701845,1.21627964305545,1.0367784189875,1.42685856786621,0.0195894087877009,TRUE,""
"site","t_bm",18,12,"auditc_low1",-0.121705598250761,0.0261797358565238,14.5116079447115,0.885408996093377,0.837218326970888,0.936373542131433,0.000342786976370817,TRUE,""
"site","t_nu",18,12,"(Intercept)",-0.819480953225197,0.0984338232907349,6.1300597164685,0.440660318474306,0.346765501889948,0.559979338254656,0.0001455666096893,TRUE,"legacy (ENAR draft; do not report)"
"site","t_nu",18,12,"consult31",0.385216713174174,0.109870156428732,9.15619436220759,1.46993284073797,1.14719285218293,1.88346933313656,0.00648462882270241,TRUE,"legacy (ENAR draft; do not report)"
"site","t_nu",18,12,"consult32",0.631310086259888,0.163680108916009,2.65837422575693,1.88007202308547,1.07294914654225,3.29435073729239,0.0380743762610898,TRUE,"legacy (ENAR draft; do not report)"
"site","t_nu",18,12,"psych1",0.548352293716987,0.097472302749437,6.92449877965974,1.73039947752358,1.37349212531218,2.18005061451176,0.000824943259358371,TRUE,"legacy (ENAR draft; do not report)"
"site","t_nu",18,12,"oud1",-0.504753104139884,0.0589651963365196,5.16884910306214,0.603654596850799,0.519519609254383,0.701415049226127,0.000303605103660721,TRUE,"legacy (ENAR draft; do not report)"
"site","t_nu",18,12,"icu_any1",-0.128109914732392,0.0776845978200245,5.5945016930356,0.8797566756106,0.724997155529847,1.06755151020665,0.153797675486968,FALSE,"legacy (ENAR draft; do not report)"
"site","t_nu",18,12,"can_high1",-0.334654380626229,0.0466818424870075,4.4110450616614,0.715585363783473,0.631512900788269,0.810850280686202,0.00136996622459822,TRUE,"legacy (ENAR draft; do not report)"
"site","t_nu",18,12,"frail1",-0.374853217779933,0.0616084101467131,4.85519270972798,0.687390168041334,0.585871983291031,0.806499127105687,0.00192182538652323,TRUE,"legacy (ENAR draft; do not report)"
"site","t_nu",18,12,"ama1",0.122959078909233,0.270987107746487,3.40791123873195,1.13083814487029,0.504651291871738,2.5340169152261,0.677374717156314,FALSE,"legacy (ENAR draft; do not report)"
"site","t_nu",18,12,"age651",-0.125756852036168,0.0540453856929248,9.97527177783967,0.881829235701354,0.78175182240505,0.994718245165437,0.0423346491639437,TRUE,"legacy (ENAR draft; do not report)"
"site","t_nu",18,12,"female1",0.195796726722983,0.0748613757174292,8.76166357926938,1.21627964305545,1.02607793658707,1.44173860226606,0.0286321493026944,TRUE,"legacy (ENAR draft; do not report)"
"site","t_nu",18,12,"auditc_low1",-0.121705598250761,0.0261797358565238,6.68167195490555,0.885408996093377,0.831757989729395,0.94252066110977,0.00265008958715026,TRUE,"legacy (ENAR draft; do not report)"
"kc","z",18,12,"(Intercept)",-0.819480953225197,0.102238417652034,Inf,0.440660318474306,0.360643778975644,0.538430239471815,1.09786663670451e-15,TRUE,""
"kc","z",18,12,"consult31",0.385216713174174,0.115255148084932,Inf,1.46993284073797,1.17271406241082,1.84248029893845,0.000830886834710279,TRUE,""
"kc","z",18,12,"consult32",0.631310086259888,0.176826047177856,Inf,1.88007202308547,1.32941288146632,2.65882094364093,0.000356664626484449,TRUE,""
"kc","z",18,12,"psych1",0.548352293716987,0.101573822055254,Inf,1.73039947752358,1.41803379503897,2.11157333646733,6.71781936251011e-08,TRUE,""
"kc","z",18,12,"oud1",-0.504753104139884,0.0629784333206244,Inf,0.603654596850799,0.533557430625719,0.682960917387581,1.1040824059201e-15,TRUE,""
"kc","z",18,12,"icu_any1",-0.128109914732392,0.0805189990804094,Inf,0.8797566756106,0.751319523990628,1.03015000085512,0.111597873062532,FALSE,""
"kc","z",18,12,"can_high1",-0.334654380626229,0.048875229299334,Inf,0.715585363783473,0.650217686540939,0.787524583628633,7.53534425023292e-12,TRUE,""
"kc","z",18,12,"frail1",-0.374853217779933,0.0639150824613917,Inf,0.687390168041334,0.606455165007506,0.779126422501564,4.4950302453542e-09,TRUE,""
"kc","z",18,12,"ama1",0.122959078909233,0.302138923702697,Inf,1.13083814487029,0.625488502914901,2.04447388550588,0.684035853655871,FALSE,""
"kc","z",18,12,"age651",-0.125756852036168,0.0561396505747314,Inf,0.881829235701354,0.789947694452114,0.984397835956685,0.0250862574180212,TRUE,""
"kc","z",18,12,"female1",0.195796726722983,0.0774537691714006,Inf,1.21627964305545,1.0449720395843,1.41567057688891,0.0114741360438861,TRUE,""
"kc","z",18,12,"auditc_low1",-0.121705598250761,0.0273641485496735,Inf,0.885408996093377,0.839173043670961,0.934192412727771,8.6823058442312e-06,TRUE,""
"kc","t_k1",18,12,"(Intercept)",-0.819480953225197,0.102238417652034,17,0.440660318474306,0.355160613495931,0.546742822540206,3.55561630548244e-07,TRUE,""
"kc","t_k1",18,12,"consult31",0.385216713174174,0.115255148084932,17,1.46993284073797,1.15263382504016,1.87457847352755,0.00386076358156851,TRUE,""
"kc","t_k1",18,12,"consult32",0.631310086259888,0.176826047177856,17,1.88007202308547,1.29464915719053,2.73021520336765,0.00235631027279908,TRUE,""
"kc","t_k1",18,12,"psych1",0.548352293716987,0.101573822055254,17,1.73039947752358,1.39661333789388,2.1439594414366,4.80167943684022e-05,TRUE,""
"kc","t_k1",18,12,"oud1",-0.504753104139884,0.0629784333206244,17,0.603654596850799,0.528545711859633,0.689436815251044,3.55981312369242e-07,TRUE,""
"kc","t_k1",18,12,"icu_any1",-0.128109914732392,0.0805189990804094,17,0.8797566756106,0.742308648999552,1.04265497825539,0.13002080084733,FALSE,""
"kc","t_k1",18,12,"can_high1",-0.334654380626229,0.048875229299334,17,0.715585363783473,0.645472868864683,0.793313611711966,2.83527978982821e-06,TRUE,""
"kc","t_k1",18,12,"frail1",-0.374853217779933,0.0639150824613917,17,0.687390168041334,0.600674400339721,0.786624572068763,1.87373528964606e-05,TRUE,""
"kc","t_k1",18,12,"ama1",0.122959078909233,0.302138923702697,17,1.13083814487029,0.597800418546104,2.13916696981212,0.689113952726961,FALSE,""
"kc","t_k1",18,12,"age651",-0.125756852036168,0.0561396505747314,17,0.881829235701354,0.783330042681608,0.992714128869057,0.0387373093145998,TRUE,""
"kc","t_k1",18,12,"female1",0.195796726722983,0.0774537691714006,17,1.21627964305545,1.03291361157648,1.43219738178613,0.0216714720152738,TRUE,""
"kc","t_k1",18,12,"auditc_low1",-0.121705598250761,0.0273641485496735,17,0.885408996093377,0.835739008745366,0.938030990727557,0.000353206500131709,TRUE,""
"kc","t_kp",18,12,"(Intercept)",-0.819480953225197,0.102238417652034,6,0.440660318474306,0.343128814781357,0.56591433861831,0.000201305635561713,TRUE,""
"kc","t_kp",18,12,"consult31",0.385216713174174,0.115255148084932,6,1.46993284073797,1.10871038593284,1.94884307362382,0.0155673407200811,TRUE,""
"kc","t_kp",18,12,"consult32",0.631310086259888,0.176826047177856,6,1.88007202308547,1.21973343116937,2.89790434668989,0.0117808820135409,TRUE,""
"kc","t_kp",18,12,"psych1",0.548352293716987,0.101573822055254,6,1.73039947752358,1.34960250015558,2.21864019329298,0.00166615233434662,TRUE,""
"kc","t_kp",18,12,"oud1",-0.504753104139884,0.0629784333206244,6,0.603654596850799,0.517443065113936,0.704229888980856,0.000201402393407817,TRUE,""
"kc","t_kp",18,12,"icu_any1",-0.128109914732392,0.0805189990804094,6,0.8797566756106,0.722431402727695,1.0713429750688,0.162702413524021,FALSE,""
"kc","t_kp",18,12,"can_high1",-0.334654380626229,0.048875229299334,6,0.715585363783473,0.634925405637859,0.806492240370658,0.000477264933035605,TRUE,""
"kc","t_kp",18,12,"frail1",-0.374853217779933,0.0639150824613917,6,0.687390168041334,0.587870972009114,0.803756718085696,0.00108662928900185,TRUE,""
"kc","t_kp",18,12,"ama1",0.122959078909233,0.302138923702697,6,1.13083814487029,0.539912475919466,2.36852261603311,0.698155686804349,FALSE,""
"kc","t_kp",18,12,"age651",-0.125756852036168,0.0561396505747314,6,0.881829235701354,0.7686453276037,1.01167960437868,0.0663405108541523,FALSE,""
"kc","t_kp",18,12,"female1",0.195796726722983,0.0774537691714006,6,1.21627964305545,1.00629390492425,1.47008360367883,0.0448054827706023,TRUE,""
"kc","t_kp",18,12,"auditc_low1",-0.121705598250761,0.0273641485496735,6,0.885408996093377,0.828065304420866,0.946723750141134,0.00434016377399472,TRUE,""
"kc","t_bm",18,12,"(Intercept)",-0.819480953225197,0.102238417652034,15.1872675369561,0.440660318474306,0.354458791684419,0.547825363154654,7.72879813821271e-07,TRUE,"PRIMARY"
"kc","t_bm",18,12,"consult31",0.385216713174174,0.115255148084932,10.3871535232239,1.46993284073797,1.1384910854611,1.89786515140336,0.00708802879441895,TRUE,"PRIMARY"
"kc","t_bm",18,12,"consult32",0.631310086259888,0.176826047177856,7.39872519465798,1.88007202308547,1.24322369941382,2.84314947797029,0.00829375200719735,TRUE,"PRIMARY"
"kc","t_bm",18,12,"psych1",0.548352293716987,0.101573822055254,14.5782409915507,1.73039947752358,1.39278592958704,2.1498510921213,8.15582811821226e-05,TRUE,"PRIMARY"
"kc","t_bm",18,12,"oud1",-0.504753104139884,0.0629784333206244,12.4060413802334,0.603654596850799,0.5265153076477,0.692095494672542,2.97526290242349e-06,TRUE,"PRIMARY"
"kc","t_bm",18,12,"icu_any1",-0.128109914732392,0.0805189990804094,14.5051759417224,0.8797566756106,0.740637904151534,1.04500701887256,0.133151159334334,FALSE,"PRIMARY"
"kc","t_bm",18,12,"can_high1",-0.334654380626229,0.048875229299334,14.7130615726959,0.715585363783473,0.644676462686372,0.794293637970522,6.13030701482065e-06,TRUE,"PRIMARY"
"kc","t_bm",18,12,"frail1",-0.374853217779933,0.0639150824613917,12.6596959103148,0.687390168041334,0.598510256689572,0.789468915258652,6.17446621959097e-05,TRUE,"PRIMARY"
"kc","t_bm",18,12,"ama1",0.122959078909233,0.302138923702697,5.5068071323949,1.13083814487029,0.531156303236495,2.40756798347606,0.699376820623983,FALSE,"PRIMARY"
"kc","t_bm",18,12,"age651",-0.125756852036168,0.0561396505747314,13.923072806608,0.881829235701354,0.781744849972347,0.994727117121579,0.041926805180651,TRUE,"PRIMARY"
"kc","t_bm",18,12,"female1",0.195796726722983,0.0774537691714006,14.4941048058984,1.21627964305545,1.03066542486689,1.43532142868006,0.0236471663000332,TRUE,"PRIMARY"
"kc","t_bm",18,12,"auditc_low1",-0.121705598250761,0.0273641485496735,14.169480307757,0.885408996093377,0.83499455937661,0.938867303456878,0.00053655663844577,TRUE,"PRIMARY"
"kc","t_nu",18,12,"(Intercept)",-0.819480953225197,0.102238417652034,6.01407971073794,0.440660318474306,0.343177508449887,0.565834040683445,0.000198932996485045,TRUE,"legacy (ENAR draft; do not report)"
"kc","t_nu",18,12,"consult31",0.385216713174174,0.115255148084932,8.95423043884789,1.46993284073797,1.13234212250381,1.90817113780269,0.00869038054596567,TRUE,"legacy (ENAR draft; do not report)"
"kc","t_nu",18,12,"consult32",0.631310086259888,0.176826047177856,2.42960741834258,1.88007202308547,0.986019482700038,3.58478800267681,0.0524055521141816,FALSE,"legacy (ENAR draft; do not report)"
"kc","t_nu",18,12,"psych1",0.548352293716987,0.101573822055254,6.99655620761901,1.73039947752358,1.36089749249721,2.20022622447445,0.0010116826479822,TRUE,"legacy (ENAR draft; do not report)"
"kc","t_nu",18,12,"oud1",-0.504753104139884,0.0629784333206244,4.65948402990507,0.603654596850799,0.511571261141518,0.712313024554943,0.000675708340499446,TRUE,"legacy (ENAR draft; do not report)"
"kc","t_nu",18,12,"icu_any1",-0.128109914732392,0.0805189990804094,5.58079866374789,0.8797566756106,0.719803922074181,1.0752536691536,0.166390993812397,FALSE,"legacy (ENAR draft; do not report)"
"kc","t_nu",18,12,"can_high1",-0.334654380626229,0.048875229299334,4.27824135423485,0.715585363783473,0.626915774410614,0.816796185009914,0.00185641709194846,TRUE,"legacy (ENAR draft; do not report)"
"kc","t_nu",18,12,"frail1",-0.374853217779933,0.0639150824613917,4.71345485178938,0.687390168041334,0.581466254567676,0.812609914003014,0.00248896308481063,TRUE,"legacy (ENAR draft; do not report)"
"kc","t_nu",18,12,"ama1",0.122959078909233,0.302138923702697,3.09181918272605,1.13083814487029,0.439275895180177,2.91114291479428,0.710577067764538,FALSE,"legacy (ENAR draft; do not report)"
"kc","t_nu",18,12,"age651",-0.125756852036168,0.0561396505747314,9.45846732933264,0.881829235701354,0.77738358495727,1.00030771936145,0.050457937944991,FALSE,"legacy (ENAR draft; do not report)"
"kc","t_nu",18,12,"female1",0.195796726722983,0.0774537691714006,8.76224565276324,1.21627964305545,1.02005518885274,1.4502511102119,0.0329963355734416,TRUE,"legacy (ENAR draft; do not report)"
"kc","t_nu",18,12,"auditc_low1",-0.121705598250761,0.0273641485496735,6.57401700537567,0.885408996093377,0.829218765384325,0.945406837241242,0.00347515494967074,TRUE,"legacy (ENAR draft; do not report)"
"md","z",18,12,"(Intercept)",-0.819480953225197,0.106215351165033,Inf,0.440660318474306,0.357843615541878,0.542643511981707,1.2071889197788e-14,TRUE,""
"md","z",18,12,"consult31",0.385216713174174,0.120996811908159,Inf,1.46993284073797,1.15959095692325,1.86333167172416,0.00145409099142411,TRUE,""
"md","z",18,12,"consult32",0.631310086259888,0.191414024789589,Inf,1.88007202308547,1.29194068070122,2.73593893650766,0.000973278940161823,TRUE,""
"md","z",18,12,"psych1",0.548352293716987,0.105942092040039,Inf,1.73039947752358,1.40594490764878,2.12972950470821,2.26739020714847e-07,TRUE,""
"md","z",18,12,"oud1",-0.504753104139884,0.0675053498390128,Inf,0.603654596850799,0.528844332143932,0.689047513890959,7.59048431950692e-14,TRUE,""
"md","z",18,12,"icu_any1",-0.128109914732392,0.083491700424206,Inf,0.8797566756106,0.746954772967463,1.03616957316789,0.124930542603824,FALSE,""
"md","z",18,12,"can_high1",-0.334654380626229,0.0511957148735127,Inf,0.715585363783473,0.647267166857133,0.791114456411398,6.28635124639863e-11,TRUE,""
"md","z",18,12,"frail1",-0.374853217779933,0.0664143951780063,Inf,0.687390168041334,0.603491670587122,0.782952385507168,1.65993358278966e-08,TRUE,""
"md","z",18,12,"ama1",0.122959078909233,0.338316413146169,Inf,1.13083814487029,0.582673137331725,2.1947037334684,0.716273219688638,FALSE,""
"md","z",18,12,"age651",-0.125756852036168,0.0583979101192143,Inf,0.881829235701354,0.78645902743866,0.988764543106836,0.0312835010718209,TRUE,""
"md","z",18,12,"female1",0.195796726722983,0.0801764665720339,Inf,1.21627964305545,1.03941051487503,1.42324533852628,0.0146032224263008,TRUE,""
"md","z",18,12,"auditc_low1",-0.121705598250761,0.0286454702017449,Inf,0.885408996093377,0.837068235294328,0.936541439883251,2.15028402694055e-05,TRUE,""
"md","t_k1",18,12,"(Intercept)",-0.819480953225197,0.106215351165033,17,0.440660318474306,0.352193071308632,0.551349620696293,5.95695183401739e-07,TRUE,""
"md","t_k1",18,12,"consult31",0.385216713174174,0.120996811908159,17,1.46993284073797,1.13875522112394,1.89742493926606,0.00543488836780121,TRUE,""
"md","t_k1",18,12,"consult32",0.631310086259888,0.191414024789589,17,1.88007202308547,1.25540947584737,2.81555212063608,0.00424712433170678,TRUE,""
"md","t_k1",18,12,"psych1",0.548352293716987,0.105942092040039,17,1.73039947752358,1.38380094029254,2.16381002832739,7.5955222881487e-05,TRUE,""
"md","t_k1",18,12,"oud1",-0.504753104139884,0.0675053498390128,17,0.603654596850799,0.523521624061283,0.696053143845773,9.04567013300814e-07,TRUE,""
"md","t_k1",18,12,"icu_any1",-0.128109914732392,0.083491700424206,17,0.8797566756106,0.737667568606367,1.04921490549413,0.143330828293961,FALSE,""
"md","t_k1",18,12,"can_high1",-0.334654380626229,0.0511957148735127,17,0.715585363783473,0.642320487984197,0.797207036736658,5.07670477103241e-06,TRUE,""
"md","t_k1",18,12,"frail1",-0.374853217779933,0.0664143951780063,17,0.687390168041334,0.597515327181502,0.79078346885044,2.91512607650289e-05,TRUE,""
"md","t_k1",18,12,"ama1",0.122959078909233,0.338316413146169,17,1.13083814487029,0.553869510948287,2.30883788440394,0.720753384117904,FALSE,""
"md","t_k1",18,12,"age651",-0.125756852036168,0.0583979101192143,17,0.881829235701354,0.779606734861064,0.997455211923247,0.0459300700404299,TRUE,""
"md","t_k1",18,12,"female1",0.195796726722983,0.0801764665720339,17,1.21627964305545,1.02699716304711,1.44044815637259,0.0258262668865867,TRUE,""
"md","t_k1",18,12,"auditc_low1",-0.121705598250761,0.0286454702017449,17,0.885408996093377,0.833482762793557,0.940570249750032,0.000541653658179374,TRUE,""
"md","t_kp",18,12,"(Intercept)",-0.819480953225197,0.106215351165033,6,0.440660318474306,0.339805951642279,0.571448249624231,0.00024864529540677,TRUE,""
"md","t_kp",18,12,"consult31",0.385216713174174,0.120996811908159,6,1.46993284073797,1.09324264119989,1.9764162820328,0.0189870236413918,TRUE,""
"md","t_kp",18,12,"consult32",0.631310086259888,0.191414024789589,6,1.88007202308547,1.17696235101893,3.00321485128953,0.0164459841029385,TRUE,""
"md","t_kp",18,12,"psych1",0.548352293716987,0.105942092040039,6,1.73039947752358,1.33525372926683,2.24248192398458,0.00206242087896344,TRUE,""
"md","t_kp",18,12,"oud1",-0.504753104139884,0.0675053498390128,6,0.603654596850799,0.511742994069728,0.712073983468057,0.000295457768220335,TRUE,""
"md","t_kp",18,12,"icu_any1",-0.128109914732392,0.083491700424206,6,0.8797566756106,0.717195547118787,1.07916426892319,0.175828786525036,FALSE,""
"md","t_kp",18,12,"can_high1",-0.334654380626229,0.0511957148735127,6,0.715585363783473,0.631330499805939,0.811084547663269,0.000612468365067635,TRUE,""
"md","t_kp",18,12,"frail1",-0.374853217779933,0.0664143951780063,6,0.687390168041334,0.584286760492864,0.808687232141493,0.00132603675499145,TRUE,""
"md","t_kp",18,12,"ama1",0.122959078909233,0.338316413146169,6,1.13083814487029,0.494172139554943,2.58775193406367,0.728735228118409,FALSE,""
"md","t_kp",18,12,"age651",-0.125756852036168,0.0583979101192143,6,0.881829235701354,0.76440968976937,1.01728537895988,0.0747497051452155,FALSE,""
"md","t_kp",18,12,"female1",0.195796726722983,0.0801764665720339,6,1.21627964305545,0.999612055754781,1.47991029279262,0.0503297839291414,FALSE,""
"md","t_kp",18,12,"auditc_low1",-0.121705598250761,0.0286454702017449,6,0.885408996093377,0.825473152578672,0.949696653263799,0.0053879350805905,TRUE,""
"md","t_bm",18,12,"(Intercept)",-0.819480953225197,0.106215351165033,14.9815313366233,0.440660318474306,0.351376168104502,0.552631435778323,1.35223531274489e-06,TRUE,""
"md","t_bm",18,12,"consult31",0.385216713174174,0.120996811908159,10.0612386938237,1.46993284073797,1.12281763991495,1.9243575087079,0.00968579648920669,TRUE,""
"md","t_bm",18,12,"consult32",0.631310086259888,0.191414024789589,6.47002155954252,1.88007202308547,1.18656474916143,2.97891102401847,0.0147350309480652,TRUE,""
"md","t_bm",18,12,"psych1",0.548352293716987,0.105942092040039,14.2781631352686,1.73039947752358,1.37925527897059,2.17094137500685,0.000132057338566712,TRUE,""
"md","t_bm",18,12,"oud1",-0.504753104139884,0.0675053498390128,11.7537945097833,0.603654596850799,0.520910490857858,0.699542202920493,8.4173030805304e-06,TRUE,""
"md","t_bm",18,12,"icu_any1",-0.128109914732392,0.083491700424206,14.1454229455976,0.8797566756106,0.735643800492042,1.05210131284154,0.146989886529635,FALSE,""
"md","t_bm",18,12,"can_high1",-0.334654380626229,0.0511957148735127,14.4208225947048,0.715585363783473,0.64136380999804,0.798396175273268,1.14153770151045e-05,TRUE,""
"md","t_bm",18,12,"frail1",-0.374853217779933,0.0664143951780063,11.9281558579856,0.687390168041334,0.594726003446688,0.794492321474976,0.000110751842538759,TRUE,""
"md","t_bm",18,12,"ama1",0.122959078909233,0.338316413146169,4.91368649363109,1.13083814487029,0.471740637764606,2.7108008246934,0.731384859276784,FALSE,""
"md","t_bm",18,12,"age651",-0.125756852036168,0.0583979101192143,13.4856836941707,0.881829235701354,0.777666474728476,0.999943839946479,0.0499113611255467,TRUE,""
"md","t_bm",18,12,"female1",0.195796726722983,0.0801764665720339,14.0715490885944,1.21627964305545,1.02420561481751,1.44437420446546,0.0283973705997576,TRUE,""
"md","t_bm",18,12,"auditc_low1",-0.121705598250761,0.0286454702017449,13.8059581804352,0.885408996093377,0.832580694144779,0.941589320862586,0.000834623594479203,TRUE,""
"md","t_nu",18,12,"(Intercept)",-0.819480953225197,0.106215351165033,5.89880267436574,0.440660318474306,0.339437583435924,0.572068403010335,0.000270010033940784,TRUE,"legacy (ENAR draft; do not report)"
"md","t_nu",18,12,"consult31",0.385216713174174,0.120996811908159,8.74979688478175,1.46993284073797,1.11661875165358,1.9350405436773,0.0115217624116738,TRUE,"legacy (ENAR draft; do not report)"
"md","t_nu",18,12,"consult32",0.631310086259888,0.191414024789589,2.23364022755162,1.88007202308547,0.891375192015868,3.96541304228463,0.0696088636542269,FALSE,"legacy (ENAR draft; do not report)"
"md","t_nu",18,12,"psych1",0.548352293716987,0.105942092040039,7.06050387450055,1.73039947752358,1.34753039337057,2.22205181162875,0.00125268757854031,TRUE,"legacy (ENAR draft; do not report)"
"md","t_nu",18,12,"oud1",-0.504753104139884,0.0675053498390128,4.16580631838609,0.603654596850799,0.501941182569956,0.72597922815053,0.00145431223303098,TRUE,"legacy (ENAR draft; do not report)"
"md","t_nu",18,12,"icu_any1",-0.128109914732392,0.083491700424206,5.56850563679579,0.8797566756106,0.714404326362038,1.08338062875782,0.179603149840458,FALSE,"legacy (ENAR draft; do not report)"
"md","t_nu",18,12,"can_high1",-0.334654380626229,0.0511957148735127,4.15054048500796,0.715585363783473,0.622018062228855,0.823227561955792,0.00248546386146667,TRUE,"legacy (ENAR draft; do not report)"
"md","t_nu",18,12,"frail1",-0.374853217779933,0.0664143951780063,4.57566206332605,0.687390168041334,0.576689867339534,0.819340289954669,0.00321192637421662,TRUE,"legacy (ENAR draft; do not report)"
"md","t_nu",18,12,"ama1",0.122959078909233,0.338316413146169,2.81307998127624,1.13083814487029,0.369597441537198,3.45996688877236,0.741852708528221,FALSE,"legacy (ENAR draft; do not report)"
"md","t_nu",18,12,"age651",-0.125756852036168,0.0583979101192143,8.88887519205207,0.881829235701354,0.772506943128851,1.00662241013403,0.0600729720031236,FALSE,"legacy (ENAR draft; do not report)"
"md","t_nu",18,12,"female1",0.195796726722983,0.0801764665720339,8.7647481097661,1.21627964305545,1.01377416265122,1.45923641044701,0.0379190493646218,TRUE,"legacy (ENAR draft; do not report)"
"md","t_nu",18,12,"auditc_low1",-0.121705598250761,0.0286454702017449,6.46220455417899,0.885408996093377,0.826462247771056,0.948560073345601,0.00455537111931867,TRUE,"legacy (ENAR draft; do not report)"
"fg","z",18,12,"(Intercept)",-0.819480953225197,0.102396311739454,Inf,0.440660318474306,0.360532188994159,0.538596891499811,1.21392437571756e-15,TRUE,""
"fg","z",18,12,"consult31",0.385216713174174,0.115677425746392,Inf,1.46993284073797,1.17174386832593,1.8440058571563,0.000868166383206099,TRUE,""
"fg","z",18,12,"consult32",0.631310086259888,0.17684635521263,Inf,1.88007202308547,1.32935996787619,2.65892677484168,0.000357223284425554,TRUE,""
"fg","z",18,12,"psych1",0.548352293716987,0.101967337742167,Inf,1.73039947752358,1.41694052045488,2.11320257173013,7.5432946413759e-08,TRUE,""
"fg","z",18,12,"oud1",-0.504753104139884,0.0629909742012423,Inf,0.603654596850799,0.533544316119005,0.682977704550831,1.1185075900843e-15,TRUE,""
"fg","z",18,12,"icu_any1",-0.128109914732392,0.0802490740131206,Inf,0.8797566756106,0.75171710979471,1.02960515092277,0.110398701570217,FALSE,""
"fg","z",18,12,"can_high1",-0.334654380626229,0.049361615396417,Inf,0.715585363783473,0.649598129877531,0.788275688166875,1.20468973044981e-11,TRUE,""
"fg","z",18,12,"frail1",-0.374853217779933,0.0636201791249562,Inf,0.687390168041334,0.606805797366329,0.778676217614714,3.81435844060984e-09,TRUE,""
"fg","z",18,12,"ama1",0.122959078909233,0.30204501578897,Inf,1.13083814487029,0.625603638502718,2.04409762218499,0.683942924968303,FALSE,""
"fg","z",18,12,"age651",-0.125756852036168,0.0562089322929609,Inf,0.881829235701354,0.789840434995907,0.984531516092441,0.0252660329579548,TRUE,""
"fg","z",18,12,"female1",0.195796726722983,0.0770007602139179,Inf,1.21627964305545,1.04590026267093,1.41441418738464,0.0109971449558917,TRUE,""
"fg","z",18,12,"auditc_low1",-0.121705598250761,0.0272951683199686,Inf,0.885408996093377,0.839286506500659,0.934066119604018,8.23929971791296e-06,TRUE,""
"fg","t_k1",18,12,"(Intercept)",-0.819480953225197,0.102396311739454,17,0.440660318474306,0.355042319466883,0.54692498789849,3.63114947559169e-07,TRUE,""
"fg","t_k1",18,12,"consult31",0.385216713174174,0.115677425746392,17,1.46993284073797,1.15160736862242,1.87624933215275,0.00396390876355904,TRUE,""
"fg","t_k1",18,12,"consult32",0.631310086259888,0.17684635521263,17,1.88007202308547,1.29459368757163,2.73033218524256,0.00235840741207904,TRUE,""
"fg","t_k1",18,12,"psych1",0.548352293716987,0.101967337742167,17,1.73039947752358,1.39545428713296,2.14574019329992,5.01102650286487e-05,TRUE,""
"fg","t_k1",18,12,"oud1",-0.504753104139884,0.0629909742012423,17,0.603654596850799,0.52853172728257,0.689455057263349,3.56948348688395e-07,TRUE,""
"fg","t_k1",18,12,"icu_any1",-0.128109914732392,0.0802490740131206,17,0.8797566756106,0.742731508315782,1.04206136351543,0.128819170315457,FALSE,""
"fg","t_k1",18,12,"can_high1",-0.334654380626229,0.049361615396417,17,0.715585363783473,0.644810834054863,0.794128116056991,3.21445971739161e-06,TRUE,""
"fg","t_k1",18,12,"frail1",-0.374853217779933,0.0636201791249562,17,0.687390168041334,0.601048251229274,0.786135293054289,1.7752284693859e-05,TRUE,""
"fg","t_k1",18,12,"ama1",0.122959078909233,0.30204501578897,17,1.13083814487029,0.597918871508213,2.13874318211099,0.689022786278778,FALSE,""
"fg","t_k1",18,12,"age651",-0.125756852036168,0.0562089322929609,17,0.881829235701354,0.78321555040601,0.9928592461354,0.0389495281016162,TRUE,""
"fg","t_k1",18,12,"female1",0.195796726722983,0.0770007602139179,17,1.21627964305545,1.03390130654867,1.43082919108532,0.0210192942310209,TRUE,""
"fg","t_k1",18,12,"auditc_low1",-0.121705598250761,0.0272951683199686,17,0.885408996093377,0.835860647343843,0.937894483792576,0.000344804005707704,TRUE,""
"fg","t_kp",18,12,"(Intercept)",-0.819480953225197,0.102396311739454,6,0.440660318474306,0.342996271569857,0.566133023514013,0.000203037130422197,TRUE,""
"fg","t_kp",18,12,"consult31",0.385216713174174,0.115677425746392,6,1.46993284073797,1.10756537352142,1.95085780752626,0.0158048533056649,TRUE,""
"fg","t_kp",18,12,"consult32",0.631310086259888,0.17684635521263,6,1.88007202308547,1.21967282171704,2.89804835284648,0.0117867046071027,TRUE,""
"fg","t_kp",18,12,"psych1",0.548352293716987,0.101967337742167,6,1.73039947752358,1.34830359579696,2.22077754679872,0.0016993122549429,TRUE,""
"fg","t_kp",18,12,"oud1",-0.504753104139884,0.0629909742012423,6,0.603654596850799,0.51742718687747,0.704251499613206,0.000201625094801674,TRUE,""
"fg","t_kp",18,12,"icu_any1",-0.128109914732392,0.0802490740131206,6,0.8797566756106,0.722908713887224,1.07063560504011,0.161511592816349,FALSE,""
"fg","t_kp",18,12,"can_high1",-0.334654380626229,0.049361615396417,6,0.715585363783473,0.634170202525425,0.807452653596724,0.000503466574283436,TRUE,""
"fg","t_kp",18,12,"frail1",-0.374853217779933,0.0636201791249562,6,0.687390168041334,0.588295334245895,0.803176934465362,0.0010607107239921,TRUE,""
"fg","t_kp",18,12,"ama1",0.122959078909233,0.30204501578897,6,1.13083814487029,0.540036553631801,2.36797842904088,0.698067641014888,FALSE,""
"fg","t_kp",18,12,"age651",-0.125756852036168,0.0562089322929609,6,0.881829235701354,0.768515033082524,1.01185112517393,0.0665928792048822,FALSE,""
"fg","t_kp",18,12,"female1",0.195796726722983,0.0770007602139179,6,1.21627964305545,1.00740997298595,1.46845495853724,0.043915397800524,TRUE,""
"fg","t_kp",18,12,"auditc_low1",-0.121705598250761,0.0272951683199686,6,0.885408996093377,0.828205084152192,0.946563967505207,0.00428819931137864,TRUE,""
"fg","t_bm",18,12,"(Intercept)",-0.819480953225197,0.102396311739454,15.1710262620139,0.440660318474306,0.354332540671945,0.548020556931172,7.93615591078937e-07,TRUE,"robustness"
"fg","t_bm",18,12,"consult31",0.385216713174174,0.115677425746392,10.3295559801967,1.46993284073797,1.13721426729025,1.89999599761312,0.00729228776872953,TRUE,"robustness"
"fg","t_bm",18,12,"consult32",0.631310086259888,0.17684635521263,7.33772234504154,1.88007202308547,1.24235045222401,2.84514792558014,0.00841316454259368,TRUE,"robustness"
"fg","t_bm",18,12,"psych1",0.548352293716987,0.101967337742167,14.4580526483862,1.73039947752358,1.39138874554302,2.15200989759716,8.72186592799534e-05,TRUE,"robustness"
"fg","t_bm",18,12,"oud1",-0.504753104139884,0.0629909742012423,12.3498965226458,0.603654596850799,0.526465950191118,0.692160380299651,3.07060581672316e-06,TRUE,"robustness"
"fg","t_bm",18,12,"icu_any1",-0.128109914732392,0.0802490740131206,14.4875234027548,0.8797566756106,0.741051420258568,1.04442389167996,0.131975762441312,FALSE,"robustness"
"fg","t_bm",18,12,"can_high1",-0.334654380626229,0.049361615396417,14.7070904053001,0.715585363783473,0.644004881727554,0.795121943000664,6.87593169975054e-06,TRUE,"robustness"
"fg","t_bm",18,12,"frail1",-0.374853217779933,0.0636201791249562,12.5917530527611,0.687390168041334,0.59884611522207,0.789026147301088,6.04005325175507e-05,TRUE,"robustness"
"fg","t_bm",18,12,"ama1",0.122959078909233,0.30204501578897,5.50314214879799,1.13083814487029,0.531209392968681,2.4073273681158,0.699299060119889,FALSE,"robustness"
"fg","t_bm",18,12,"age651",-0.125756852036168,0.0562089322929609,13.8930102134927,0.881829235701354,0.781609378560698,0.994899526883358,0.0421835404007257,TRUE,"robustness"
"fg","t_bm",18,12,"female1",0.195796726722983,0.0770007602139179,14.4860425533648,1.21627964305545,1.03165557492607,1.43394385303167,0.0229756562567349,TRUE,"robustness"
"fg","t_bm",18,12,"auditc_low1",-0.121705598250761,0.0272951683199686,14.1558392740389,0.885408996093377,0.83511360740541,0.938733465017665,0.000526218507583513,TRUE,"robustness"
"fg","t_fgdf",18,12,"(Intercept)",-0.819480953225197,0.102396311739454,14.9255893794859,0.440660318474306,0.354223102066715,0.548189870013911,8.86451793866369e-07,TRUE,""
"fg","t_fgdf",18,12,"consult31",0.385216713174174,0.115677425746392,10.259381194894,1.46993284073797,1.13695303883245,1.90043254424902,0.00735906180453103,TRUE,""
"fg","t_fgdf",18,12,"consult32",0.631310086259888,0.17684635521263,6.51271574651204,1.88007202308547,1.22962330153772,2.87459647809892,0.0102668771015844,TRUE,""
"fg","t_fgdf",18,12,"psych1",0.548352293716987,0.101967337742167,14.2398990168439,1.73039947752358,1.39096709550725,2.15266224591886,9.19066031248781e-05,TRUE,""
"fg","t_fgdf",18,12,"oud1",-0.504753104139884,0.0629909742012423,11.6910053022253,0.603654596850799,0.526027365241955,0.692737481692591,4.37105167635977e-06,TRUE,""
"fg","t_fgdf",18,12,"icu_any1",-0.128109914732392,0.0802490740131206,14.1300829200931,0.8797566756106,0.740760050590518,1.04483470411832,0.132514817502689,FALSE,""
"fg","t_fgdf",18,12,"can_high1",-0.334654380626229,0.049361615396417,14.3882214749133,0.715585363783473,0.64387082912163,0.795287485782952,7.70737565263885e-06,TRUE,""
"fg","t_fgdf",18,12,"frail1",-0.374853217779933,0.0636201791249562,12.0063637166501,0.687390168041334,0.598420537547971,0.789587277629181,7.32690737828531e-05,TRUE,""
"fg","t_fgdf",18,12,"ama1",0.122959078909233,0.30204501578897,4.99774758597342,1.13083814487029,0.520181435414963,2.45836322258128,0.700792030915014,FALSE,""
"fg","t_fgdf",18,12,"age651",-0.125756852036168,0.0562089322929609,13.417802523674,0.881829235701354,0.781292546017675,0.995302982091988,0.0428160785008269,TRUE,""
"fg","t_fgdf",18,12,"female1",0.195796726722983,0.0770007602139179,14.1367180063449,1.21627964305545,1.03127534777879,1.43447254246632,0.0233078828325838,TRUE,""
"fg","t_fgdf",18,12,"auditc_low1",-0.121705598250761,0.0272951683199686,13.7960944742982,0.885408996093377,0.834995293304572,0.938866478229512,0.000559174392778799,TRUE,""
"fg","t_nu",18,12,"(Intercept)",-0.819480953225197,0.102396311739454,6.14497966477201,0.440660318474306,0.34348572730485,0.56532630278852,0.000179874085774052,TRUE,"legacy (ENAR draft; do not report)"
"fg","t_nu",18,12,"consult31",0.385216713174174,0.115677425746392,8.93806457147852,1.46993284073797,1.13117795214614,1.91013496345167,0.00888252072110039,TRUE,"legacy (ENAR draft; do not report)"
"fg","t_nu",18,12,"consult32",0.631310086259888,0.17684635521263,2.39930553483515,1.88007202308547,0.979957080759931,3.60696491855301,0.0534434778447406,FALSE,"legacy (ENAR draft; do not report)"
"fg","t_nu",18,12,"psych1",0.548352293716987,0.101967337742167,6.9930708823405,1.73039947752358,1.35959847112433,2.20232841931466,0.00103625273050566,TRUE,"legacy (ENAR draft; do not report)"
"fg","t_nu",18,12,"oud1",-0.504753104139884,0.0629909742012423,4.61788856620157,0.603654596850799,0.511304115155086,0.712685193602586,0.00070421048140863,TRUE,"legacy (ENAR draft; do not report)"
"fg","t_nu",18,12,"icu_any1",-0.128109914732392,0.0802490740131206,5.51581010752713,0.8797566756106,0.719839277060287,1.07520085795012,0.165822430471029,FALSE,"legacy (ENAR draft; do not report)"
"fg","t_nu",18,12,"can_high1",-0.334654380626229,0.049361615396417,4.04213284789268,0.715585363783473,0.624288518974517,0.820233589594538,0.00237867943914971,TRUE,"legacy (ENAR draft; do not report)"
"fg","t_nu",18,12,"frail1",-0.374853217779933,0.0636201791249562,4.79449523143897,0.687390168041334,0.58244230712688,0.811248148251295,0.00230589341341494,TRUE,"legacy (ENAR draft; do not report)"
"fg","t_nu",18,12,"ama1",0.122959078909233,0.30204501578897,3.07176381052753,1.13083814487029,0.437927176928362,2.9201085871473,0.710654393786295,FALSE,"legacy (ENAR draft; do not report)"
"fg","t_nu",18,12,"age651",-0.125756852036168,0.0562089322929609,9.4145127409836,0.881829235701354,0.777196564133841,1.00054842857452,0.0508165437601309,FALSE,"legacy (ENAR draft; do not report)"
"fg","t_nu",18,12,"female1",0.195796726722983,0.0770007602139179,8.91612640600238,1.21627964305545,1.02158853991736,1.44807435900833,0.0317888572898632,TRUE,"legacy (ENAR draft; do not report)"
"fg","t_nu",18,12,"auditc_low1",-0.121705598250761,0.0272951683199686,6.55665654041442,0.885408996093377,0.829324514237281,0.945286286495547,0.00345285877348762,TRUE,"legacy (ENAR draft; do not report)"
"hc2obs","t_bm",18,12,"(Intercept)",-0.819480953225197,0.0984435922703346,15.3813256290449,0.440660318474306,0.357415489595978,0.543293511138476,4.39052499110831e-07,TRUE,""
"hc2obs","t_bm",18,12,"consult31",0.385216713174174,0.109892276307299,10.7115891290138,1.46993284073797,1.15320902255223,1.87364347141339,0.0051203409629021,TRUE,""
"hc2obs","t_bm",18,12,"consult32",0.631310086259888,0.163803682925625,8.37733971682017,1.88007202308547,1.2924236637403,2.73491650699065,0.00444356851160933,TRUE,""
"hc2obs","t_bm",18,12,"psych1",0.548352293716987,0.0974896932224655,14.8528998584723,1.73039947752358,1.40547952866849,2.13043469558789,5.01980384178987e-05,TRUE,""
"hc2obs","t_bm",18,12,"oud1",-0.504753104139884,0.0589756787396184,13.0165007224852,0.603654596850799,0.531450140003355,0.685668974133304,1.05026748682057e-06,TRUE,""
"hc2obs","t_bm",18,12,"icu_any1",-0.128109914732392,0.0777120569918672,14.8390421026638,0.8797566756106,0.745346650721872,1.03840516024566,0.120250200095006,FALSE,""
"hc2obs","t_bm",18,12,"can_high1",-0.334654380626229,0.0466930701015985,14.985984048283,0.715585363783473,0.647791488487461,0.790474129347931,3.26167195292502e-06,TRUE,""
"hc2obs","t_bm",18,12,"frail1",-0.374853217779933,0.0616281206632438,13.3279497231582,0.687390168041334,0.601902129283019,0.785020055806644,3.49348522283311e-05,TRUE,""
"hc2obs","t_bm",18,12,"ama1",0.122959078909233,0.272528669311406,6.11992115055003,1.13083814487029,0.582317286026449,2.19604490641138,0.667408064245521,FALSE,""
"hc2obs","t_bm",18,12,"age651",-0.125756852036168,0.0540635769326108,14.3292793695492,0.881829235701354,0.78547848766659,0.989998851843425,0.0351632082416112,TRUE,""
"hc2obs","t_bm",18,12,"female1",0.195796726722983,0.0748893671365897,14.8767119701845,1.21627964305545,1.03671651957469,1.42694376155787,0.0196275099411557,TRUE,""
"hc2obs","t_bm",18,12,"auditc_low1",-0.121705598250761,0.0261813446318661,14.5116079447115,0.885408996093377,0.83721544769637,0.936376762421367,0.000342976897101812,TRUE,""
"hc2obs","t_nu",18,12,"(Intercept)",-0.819480953225197,0.0984435922703346,6.13089213054829,0.440660318474306,0.346759922628609,0.559988348151326,0.000145544106282429,TRUE,"legacy (ENAR draft; do not report)"
"hc2obs","t_nu",18,12,"consult31",0.385216713174174,0.109892276307299,9.15623012494078,1.46993284073797,1.14713576468265,1.88356306446234,0.00649186201506045,TRUE,"legacy (ENAR draft; do not report)"
"hc2obs","t_nu",18,12,"consult32",0.631310086259888,0.163803682925625,2.65795773292569,1.88007202308547,1.07243255618639,3.29593762479398,0.0381519531475797,TRUE,"legacy (ENAR draft; do not report)"
"hc2obs","t_nu",18,12,"psych1",0.548352293716987,0.0974896932224655,6.92450938171214,1.73039947752358,1.37343562046867,2.18014030449575,0.000825795225634746,TRUE,"legacy (ENAR draft; do not report)"
"hc2obs","t_nu",18,12,"oud1",-0.504753104139884,0.0589756787396184,5.17073403320738,0.603654596850799,0.519513964962181,0.701422669794119,0.000303310811070912,TRUE,"legacy (ENAR draft; do not report)"
"hc2obs","t_nu",18,12,"icu_any1",-0.128109914732392,0.0777120569918672,5.59443694456037,0.8797566756106,0.724947148350191,1.06762515038895,0.153918775983343,FALSE,"legacy (ENAR draft; do not report)"
"hc2obs","t_nu",18,12,"can_high1",-0.334654380626229,0.0466930701015985,4.41057294658757,0.715585363783473,0.631490961115473,0.810878451778015,0.00137190627641175,TRUE,"legacy (ENAR draft; do not report)"
"hc2obs","t_nu",18,12,"frail1",-0.374853217779933,0.0616281206632438,4.85535764826753,0.687390168041334,0.585843022276475,0.806538996203843,0.00192428764965034,TRUE,"legacy (ENAR draft; do not report)"
"hc2obs","t_nu",18,12,"ama1",0.122959078909233,0.272528669311406,3.41332304489547,1.13083814487029,0.502651316180977,2.54409939599812,0.679009355312306,FALSE,"legacy (ENAR draft; do not report)"
"hc2obs","t_nu",18,12,"age651",-0.125756852036168,0.0540635769326108,9.97016271921815,0.881829235701354,0.781713564570359,0.994766927659783,0.042403535686431,TRUE,"legacy (ENAR draft; do not report)"
"hc2obs","t_nu",18,12,"female1",0.195796726722983,0.0748893671365897,8.76048053950579,1.21627964305545,1.0260089931361,1.44183548098282,0.0286806754584145,TRUE,"legacy (ENAR draft; do not report)"
"hc2obs","t_nu",18,12,"auditc_low1",-0.121705598250761,0.0261813446318661,6.68091526854906,0.885408996093377,0.83175353517344,0.942525708892371,0.00265173620368178,TRUE,"legacy (ENAR draft; do not report)"
"patient_z","z",18,12,"(Intercept)",-0.819480953225197,0.0274483564149779,Inf,0.440660318474306,0.417580164128822,0.465016140512776,7.47614684552664e-196,TRUE,""
"patient_z","z",18,12,"consult31",0.385216713174174,0.0377600887128532,Inf,1.46993284073797,1.36507353535926,1.58284700443727,1.94852332756355e-24,TRUE,""
"patient_z","z",18,12,"consult32",0.631310086259888,0.0791238807710997,Inf,1.88007202308547,1.60999348053574,2.1954565994966,1.47816238757843e-15,TRUE,""
"patient_z","z",18,12,"psych1",0.548352293716987,0.0296226649685179,Inf,1.73039947752358,1.63279445622741,1.8338391218771,1.6759437145748e-76,TRUE,""
"patient_z","z",18,12,"oud1",-0.504753104139884,0.0451133956004557,Inf,0.603654596850799,0.552570785780479,0.659460980703868,4.64002479820614e-29,TRUE,""
"patient_z","z",18,12,"icu_any1",-0.128109914732392,0.0514657459485377,Inf,0.8797566756106,0.795343705950106,0.973128727229743,0.0128021264118966,TRUE,""
"patient_z","z",18,12,"can_high1",-0.334654380626229,0.0335440221180364,Inf,0.715585363783473,0.670052336228347,0.764212562474553,1.930186844292e-23,TRUE,""
"patient_z","z",18,12,"frail1",-0.374853217779933,0.0623649433900394,Inf,0.687390168041334,0.608300509106671,0.776762859879566,1.84792449372464e-09,TRUE,""
"patient_z","z",18,12,"ama1",0.122959078909233,0.237448967123411,Inf,1.13083814487029,0.710041155723566,1.8010151940989,0.604574298310139,FALSE,""
"patient_z","z",18,12,"age651",-0.125756852036168,0.0418121142203225,Inf,0.881829235701354,0.812444975099934,0.957139036821519,0.00263262762690355,TRUE,""
"patient_z","z",18,12,"female1",0.195796726722983,0.0610893620147231,Inf,1.21627964305545,1.07903138970988,1.37098529683074,0.00135021610718981,TRUE,""
"patient_z","z",18,12,"auditc_low1",-0.121705598250761,0.0338482107838387,Inf,0.885408996093377,0.828575869042393,0.946140383341254,0.000323609087000098,TRUE,""
"cr2","t_satt",18,12,"(Intercept)",-0.819480953224814,0.10216026324311,15.1872792598589,0.440660318474474,0.35451778487586,0.54773420280176,7.65551972760231e-07,TRUE,"comparator (pooled data)"
"cr2","t_satt",18,12,"consult31",0.385216713173958,0.11523787485491,10.3872353596103,1.46993284073765,1.13853498104169,1.89779198027114,0.00708184962633513,TRUE,"comparator (pooled data)"
"cr2","t_satt",18,12,"consult32",0.631310086259608,0.17637856804324,7.39882159152849,1.88007202308494,1.2445268974551,2.84017229295297,0.00819015133133422,TRUE,"comparator (pooled data)"
"cr2","t_satt",18,12,"psych1",0.548352293716608,0.101524337043508,14.5782582364808,1.73039947752292,1.39293324433526,2.14962372675694,8.11615262647768e-05,TRUE,"comparator (pooled data)"
"cr2","t_satt",18,12,"oud1",-0.504753104139814,0.0629821151149926,12.4060637810884,0.603654596850842,0.526511113173907,0.692101008281646,2.97706079119272e-06,TRUE,"comparator (pooled data)"
"cr2","t_satt",18,12,"icu_any1",-0.128109914732437,0.080595813142557,14.5052247208048,0.87975667561056,0.740516330432452,1.04517858212439,0.133493185763841,FALSE,"comparator (pooled data)"
"cr2","t_satt",18,12,"can_high1",-0.334654380625832,0.0488952926387876,14.7130759695508,0.715585363783758,0.644648853290132,0.794327656441316,6.15902877455128e-06,TRUE,"comparator (pooled data)"
"cr2","t_satt",18,12,"frail1",-0.374853217780285,0.0638469590598931,12.6597414939171,0.687390168041092,0.598598619443159,0.789352376988615,6.11227141373014e-05,TRUE,"comparator (pooled data)"
"cr2","t_satt",18,12,"ama1",0.12295907890915,0.300790104859096,5.50688854731301,1.1308381448702,0.532952739152138,2.39945273933272,0.698113263553453,FALSE,"comparator (pooled data)"
"cr2","t_satt",18,12,"age651",-0.125756852036175,0.0560570259368136,13.9231045592057,0.881829235701347,0.781883489091434,0.994550737784778,0.0416671922443025,TRUE,"comparator (pooled data)"
"cr2","t_satt",18,12,"female1",0.195796726722875,0.0774031392965199,14.494114243777,1.21627964305532,1.03077700430413,1.43516605816158,0.0235707278088112,TRUE,"comparator (pooled data)"
"cr2","t_satt",18,12,"auditc_low1",-0.121705598250658,0.0273993682770361,14.1695059633831,0.885408996093468,0.83493156618684,0.938938138299842,0.000542518371672058,TRUE,"comparator (pooled data)"
