"term","naive_CI","naive_df","naive_sig","KC_BM_CI","KC_BM_df","KC_BM_sig","FG_BM_CI","FG_BM_df","FG_BM_sig","KC_K1_CI","KC_K1_df","KC_K1_sig","legacy_KC_nu_CI","legacy_KC_nu_df","legacy_KC_nu_sig","flip_naive_to_primary","primary_vs_legacy_differ"
"(Intercept)","0.44 (0.36, 0.53)",Inf,TRUE,"0.44 (0.35, 0.55)",15.2,TRUE,"0.44 (0.35, 0.55)",15.2,TRUE,"0.44 (0.36, 0.55)",17,TRUE,"0.44 (0.34, 0.57)",6,TRUE,FALSE,FALSE
"consult31","1.47 (1.19, 1.82)",Inf,TRUE,"1.47 (1.14, 1.90)",10.4,TRUE,"1.47 (1.14, 1.90)",10.3,TRUE,"1.47 (1.15, 1.87)",17,TRUE,"1.47 (1.13, 1.91)",9,TRUE,FALSE,FALSE
"consult32","1.88 (1.36, 2.59)",Inf,TRUE,"1.88 (1.24, 2.84)",7.4,TRUE,"1.88 (1.24, 2.85)",7.3,TRUE,"1.88 (1.29, 2.73)",17,TRUE,"1.88 (0.99, 3.58)",2.4,FALSE,FALSE,TRUE
"psych1","1.73 (1.43, 2.09)",Inf,TRUE,"1.73 (1.39, 2.15)",14.6,TRUE,"1.73 (1.39, 2.15)",14.5,TRUE,"1.73 (1.40, 2.14)",17,TRUE,"1.73 (1.36, 2.20)",7,TRUE,FALSE,FALSE
"oud1","0.60 (0.54, 0.68)",Inf,TRUE,"0.60 (0.53, 0.69)",12.4,TRUE,"0.60 (0.53, 0.69)",12.3,TRUE,"0.60 (0.53, 0.69)",17,TRUE,"0.60 (0.51, 0.71)",4.7,TRUE,FALSE,FALSE
"icu_any1","0.88 (0.76, 1.02)",Inf,FALSE,"0.88 (0.74, 1.05)",14.5,FALSE,"0.88 (0.74, 1.04)",14.5,FALSE,"0.88 (0.74, 1.04)",17,FALSE,"0.88 (0.72, 1.08)",5.6,FALSE,FALSE,FALSE
"can_high1","0.72 (0.65, 0.78)",Inf,TRUE,"0.72 (0.64, 0.79)",14.7,TRUE,"0.72 (0.64, 0.80)",14.7,TRUE,"0.72 (0.65, 0.79)",17,TRUE,"0.72 (0.63, 0.82)",4.3,TRUE,FALSE,FALSE
"frail1","0.69 (0.61, 0.78)",Inf,TRUE,"0.69 (0.60, 0.79)",12.7,TRUE,"0.69 (0.60, 0.79)",12.6,TRUE,"0.69 (0.60, 0.79)",17,TRUE,"0.69 (0.58, 0.81)",4.7,TRUE,FALSE,FALSE
"ama1","1.13 (0.66, 1.92)",Inf,FALSE,"1.13 (0.53, 2.41)",5.5,FALSE,"1.13 (0.53, 2.41)",5.5,FALSE,"1.13 (0.60, 2.14)",17,FALSE,"1.13 (0.44, 2.91)",3.1,FALSE,FALSE,FALSE
"age651","0.88 (0.79, 0.98)",Inf,TRUE,"0.88 (0.78, 0.99)",13.9,TRUE,"0.88 (0.78, 0.99)",13.9,TRUE,"0.88 (0.78, 0.99)",17,TRUE,"0.88 (0.78, 1.00)",9.5,FALSE,FALSE,TRUE
"female1","1.22 (1.05, 1.41)",Inf,TRUE,"1.22 (1.03, 1.44)",14.5,TRUE,"1.22 (1.03, 1.43)",14.5,TRUE,"1.22 (1.03, 1.43)",17,TRUE,"1.22 (1.02, 1.45)",8.8,TRUE,FALSE,FALSE
"auditc_low1","0.89 (0.84, 0.93)",Inf,TRUE,"0.89 (0.83, 0.94)",14.2,TRUE,"0.89 (0.84, 0.94)",14.2,TRUE,"0.89 (0.84, 0.94)",17,TRUE,"0.89 (0.83, 0.95)",6.6,TRUE,FALSE,FALSE
